id,PasswortMD5,UsernameMD5
1,81dc9bdb52d04dc20036dbd8313ed055,23c860df51db49ab82ca26089559bcfc
2,81dc9bdb52d04dc20036dbd8313ed055,76010858c8362d7302ef5f9436aa6639
3,81dc9bdb52d04dc20036dbd8313ed055,aa2d6e4f578eb0cfaba23beef76c2194
4,81dc9bdb52d04dc20036dbd8313ed055,68fd332cc3736a2b7add7e396ec3cf45
5,81dc9bdb52d04dc20036dbd8313ed055,ea82410c7a9991816b5eeeebe195e20a
6,81dc9bdb52d04dc20036dbd8313ed055,2e9edf50f2aab9d29f53de966a261cd3
7,81dc9bdb52d04dc20036dbd8313ed055,88336b5bb2a1cc21bac7cf33fd451270
8,81dc9bdb52d04dc20036dbd8313ed055,e4a4a427c01cc70b0996b8591a7fc71a
9,81dc9bdb52d04dc20036dbd8313ed055,78d5d094e96b795e9b54d62830ae98ef
